{
  "train": {
    "patches_total": 694,
    "patches_with_debris": 190,
    "patches_debris_ratio": 0.2737752161383285,
    "total_labeled_pixels": 429412,
    "class_pixels": {
      "5": 3289,
      "7": 86877,
      "14": 4974,
      "1": 1943,
      "4": 723,
      "10": 86820,
      "11": 13852,
      "3": 1091,
      "9": 469,
      "15": 224,
      "8": 154335,
      "6": 65295,
      "13": 5675,
      "2": 870,
      "12": 2975
    },
    "class_percentages": {
      "5": 0.7659310871610482,
      "7": 20.231619051167645,
      "14": 1.158328132422941,
      "1": 0.4524792041209841,
      "4": 0.16836977075629,
      "10": 20.218345085838312,
      "11": 3.225806451612903,
      "3": 0.2540683539351485,
      "9": 0.1092191182360996,
      "15": 0.05216435497843563,
      "8": 35.94100770355742,
      "6": 15.205676599629262,
      "13": 1.3215746183152777,
      "2": 0.20260262871088838,
      "12": 0.6928078395573481
    }
  },
  "val": {
    "patches_total": 328,
    "patches_with_debris": 82,
    "patches_debris_ratio": 0.25,
    "total_labeled_pixels": 213102,
    "class_pixels": {
      "5": 1340,
      "7": 18839,
      "14": 1946,
      "10": 38566,
      "1": 1075,
      "6": 19262,
      "13": 2404,
      "15": 94,
      "12": 987,
      "4": 92,
      "8": 125565,
      "9": 369,
      "2": 1167,
      "3": 385,
      "11": 1011
    },
    "class_percentages": {
      "5": 0.62880686244146,
      "7": 8.840367523533331,
      "14": 0.9131777270978216,
      "10": 18.097436908147273,
      "1": 0.5044532665108727,
      "6": 9.038864018169702,
      "13": 1.1280982815740819,
      "15": 0.044110332141415846,
      "12": 0.46315848748486643,
      "4": 0.04317181443627934,
      "8": 58.92248782273277,
      "9": 0.1731565165976856,
      "2": 0.547625080947152,
      "3": 0.18066465823877767,
      "11": 0.47442069994650443
    }
  },
  "test": {
    "patches_total": 359,
    "patches_with_debris": 101,
    "patches_debris_ratio": 0.28133704735376047,
    "total_labeled_pixels": 194863,
    "class_pixels": {
      "1": 381,
      "7": 23443,
      "10": 32226,
      "8": 93037,
      "9": 387,
      "5": 1174,
      "6": 32843,
      "13": 3649,
      "14": 1570,
      "11": 2506,
      "2": 760,
      "3": 881,
      "15": 92,
      "4": 49,
      "12": 1865
    },
    "class_percentages": {
      "1": 0.1955219821105084,
      "7": 12.03050348193346,
      "10": 16.537772691583317,
      "8": 47.74482585200885,
      "9": 0.19860106844295736,
      "5": 0.6024745590491781,
      "6": 16.85440540277015,
      "13": 1.8725976711843704,
      "14": 0.8056942569908089,
      "11": 1.2860317248528452,
      "2": 0.39001760211020053,
      "3": 0.45211250981458767,
      "15": 0.04721265709755059,
      "4": 0.025145871714999768,
      "12": 0.9570826683362158
    }
  }
}